x,y,diam,name
229.0,50.0,74.651535,newBlah
56.0,50.0,73.497505,newBlah
75.0,278.0,79.7556,newBlah
372.0,276.0,53.69124,newBlah
380.0,46.0,79.50827,newBlah
221.0,179.0,49,newBlah
391.0,175.0,64,newBlah
303.0,110.0,63,newBlah
137.0,100.0,62,newBlah
223.0,284.0,54,newBlah
